#Release 14.7 - par P.20160913 (lin64)
#Copyright (c) 1995-2013 Xilinx, Inc.  All rights reserved.

#Mon Sep 23 20:52:23 2019

#
## NOTE: This file is designed to be imported into a spreadsheet program
# such as Microsoft Excel for viewing, printing and sorting. The |
# character is used as the data field separator. This file is also designed
# to support parsing.
#
#INPUT FILE:       mini_machine_map.ncd
#OUTPUT FILE:      mini_machine_pad.csv
#PART TYPE:        xc6slx100
#SPEED GRADE:      -2
#PACKAGE:          fgg676
#
# Pinout by Pin Number:
# 
# -----,-----,-----,-----,-----,-----,-----,-----,-----,-----,-----,-----,-----,-----,-----,
Pin Number,Signal Name,Pin Usage,Pin Name,Direction,IO Standard,IO Bank Number,Drive (mA),Slew Rate,Termination,IOB Delay,Voltage,Constraint,IO Register,Signal Integrity,
A1,,,GND,,,,,,,,,,,,
A2,,IOBS,IO_L1N_VREF_0,UNUSED,,0,,,,,,,,,
A3,,IOBM,IO_L1P_HSWAPEN_0,UNUSED,,0,,,,,,,,,
A4,,IOBS,IO_L2N_0,UNUSED,,0,,,,,,,,,
A5,,IOBS,IO_L4N_0,UNUSED,,0,,,,,,,,,
A6,,IOBS,IO_L6N_0,UNUSED,,0,,,,,,,,,
A7,,IOBS,IO_L12N_0,UNUSED,,0,,,,,,,,,
A8,,IOBS,IO_L16N_0,UNUSED,,0,,,,,,,,,
A9,din<23>,IOB,IO_L17N_0,INPUT,LVCMOS25*,0,,,,NONE,,LOCATED,NO,NONE,
A10,,IOBS,IO_L22N_0,UNUSED,,0,,,,,,,,,
A11,,IOBS,IO_L24N_0,UNUSED,,0,,,,,,,,,
A12,,IOBS,IO_L26N_0,UNUSED,,0,,,,,,,,,
A13,,IOBS,IO_L34N_GCLK18_0,UNUSED,,0,,,,,,,,,
A14,din<29>,IOB,IO_L35N_GCLK16_0,INPUT,LVCMOS25*,0,,,,NONE,,LOCATED,NO,NONE,
A15,,IOBS,IO_L37N_GCLK12_0,UNUSED,,0,,,,,,,,,
A16,din<31>,IOB,IO_L38N_VREF_0,INPUT,LVCMOS25*,0,,,,NONE,,LOCATED,NO,NONE,
A17,sel2<2>,IOB,IO_L50N_0,OUTPUT,LVCMOS25*,0,12,SLOW,,,,LOCATED,NO,NONE,
A18,dout2<1>,IOB,IO_L62N_VREF_0,OUTPUT,LVCMOS25*,0,12,SLOW,,,,LOCATED,NO,NONE,
A19,dout1<5>,IOB,IO_L63N_SCP6_0,OUTPUT,LVCMOS25*,0,12,SLOW,,,,LOCATED,NO,NONE,
A20,dout1<0>,IOB,IO_L64N_SCP4_0,OUTPUT,LVCMOS25*,0,12,SLOW,,,,LOCATED,NO,NONE,
A21,,IOBS,IO_L65N_SCP2_0,UNUSED,,0,,,,,,,,,
A22,,IOBS,IO_L66N_SCP0_0,UNUSED,,0,,,,,,,,,
A23,,IOBS,IO_L1N_A24_VREF_5,UNUSED,,5,,,,,,,,,
A24,,,TDO,,,,,,,,,,,,
A25,sram_ben<7>,IOB,IO_L10N_M5A1_5,OUTPUT,LVCMOS18,5,12,SLOW,,,,LOCATED,NO,NONE,
A26,,,GND,,,,,,,,,,,,
AA1,flash_a<15>,IOB,IO_L36N_M3DQ9_3,OUTPUT,LVCMOS18,3,12,SLOW,,,,LOCATED,NO,NONE,
AA2,flash_a<16>,IOB,IO_L36P_M3DQ8_3,OUTPUT,LVCMOS18,3,12,SLOW,,,,LOCATED,NO,NONE,
AA3,,IOBS,IO_L20N_3,UNUSED,,3,,,,,,,,,
AA4,flash_dq<23>,IOB,IO_L20P_3,BIDIR,LVCMOS18,3,12,SLOW,,NONE,,LOCATED,NO,NONE,
AA5,,IOBM,IO_L16P_3,UNUSED,,3,,,,,,,,,
AA6,,,VCCAUX,,,,,,,,2.5,,,,
AA7,flash_dq<7>,IOB,IO_L7P_3,BIDIR,LVCMOS18,3,12,SLOW,,NONE,,LOCATED,NO,NONE,
AA8,flash_dq<3>,IOB,IO_L4P_3,BIDIR,LVCMOS18,3,12,SLOW,,NONE,,LOCATED,NO,NONE,
AA9,,IOBM,IO_L61P_2,UNUSED,,2,,,,,,,,,
AA10,,,VCCAUX,,,,,,,,2.5,,,,
AA11,,IOBM,IO_L43P_2,UNUSED,,2,,,,,,,,,
AA12,,IOBM,IO_L41P_2,UNUSED,,2,,,,,,,,,
AA13,,IOBM,IO_L34P_2,UNUSED,,2,,,,,,,,,
AA14,,IOBS,IO_L28N_2,UNUSED,,2,,,,,,,,,
AA15,,IOBS,IO_L20N_2,UNUSED,,2,,,,,,,,,
AA16,,,VCCAUX,,,,,,,,2.5,,,,
AA17,,IOBS,IO_L10N_2,UNUSED,,2,,,,,,,,,
AA18,,IOBM,IO_L11P_2,UNUSED,,2,,,,,,,,,
AA19,,IOBS,IO_L6N_2,UNUSED,,2,,,,,,,,,
AA20,,,RFUSE,,,,,,,,,,,,
AA21,,,VCCAUX,,,,,,,,2.5,,,,
AA22,,IOBS,IO_L73N_1,UNUSED,,1,,,,,,,,,
AA23,sram_dq<16>,IOB,IO_L63P_1,BIDIR,LVCMOS18,1,12,SLOW,,NONE,,LOCATED,NO,NONE,
AA24,,IOBS,IO_L63N_1,UNUSED,,1,,,,,,,,,
AA25,sram_dq<19>,IOB,IO_L51P_M1DQ12_1,BIDIR,LVCMOS18,1,12,SLOW,,NONE,,LOCATED,NO,NONE,
AA26,sram_dq<18>,IOB,IO_L51N_M1DQ13_1,BIDIR,LVCMOS18,1,12,SLOW,,NONE,,LOCATED,NO,NONE,
AB1,flash_byten,IOB,IO_L32N_M3DQ15_3,OUTPUT,LVCMOS18,3,12,SLOW,,,,LOCATED,NO,NONE,
AB2,,,GND,,,,,,,,,,,,
AB3,flash_oen,IOB,IO_L32P_M3DQ14_3,OUTPUT,LVCMOS18,3,12,SLOW,,,,LOCATED,NO,NONE,
AB4,flash_dq<22>,IOB,IO_L18P_3,BIDIR,LVCMOS18,3,12,SLOW,,NONE,,LOCATED,NO,NONE,
AB5,flash_dq<18>,IOB,IO_L16N_3,BIDIR,LVCMOS18,3,12,SLOW,,NONE,,LOCATED,NO,NONE,
AB6,flash_dq<16>,IOB,IO_L8N_3,BIDIR,LVCMOS18,3,12,SLOW,,NONE,,LOCATED,NO,NONE,
AB7,flash_dq<6>,IOB,IO_L8P_3,BIDIR,LVCMOS18,3,12,SLOW,,NONE,,LOCATED,NO,NONE,
AB8,flash_dq<4>,IOB,IO_L4N_3,BIDIR,LVCMOS18,3,12,SLOW,,NONE,,LOCATED,NO,NONE,
AB9,,IOBS,IO_L61N_VREF_2,UNUSED,,2,,,,,,,,,
AB10,,IOBS,IO_L51N_2,UNUSED,,2,,,,,,,,,
AB11,,IOBS,IO_L43N_2,UNUSED,,2,,,,,,,,,
AB12,,,GND,,,,,,,,,,,,
AB13,,IOBS,IO_L34N_2,UNUSED,,2,,,,,,,,,
AB14,,,VCCO_2,,,2,,,,,3.30,,,,
AB15,,IOBM,IO_L19P_2,UNUSED,,2,,,,,,,,,
AB16,,,GND,,,,,,,,,,,,
AB17,,IOBM,IO_L15P_2,UNUSED,,2,,,,,,,,,
AB18,,IOBS,IO_L11N_2,UNUSED,,2,,,,,,,,,
AB19,,,VFS,,,,,,,,,,,,
AB20,,,GND,,,,,,,,,,,,
AB21,,IOBM,IO_L69P_1,UNUSED,,1,,,,,,,,,
AB22,,IOBS,IO_L69N_VREF_1,UNUSED,,1,,,,,,,,,
AB23,,,VCCO_1,,,1,,,,,1.80,,,,
AB24,,IOBM,IO_L49P_M1DQ10_1,UNUSED,,1,,,,,,,,,
AB25,,,GND,,,,,,,,,,,,
AB26,,IOBS,IO_L49N_M1DQ11_1,UNUSED,,1,,,,,,,,,
AC1,flash_dq<31>,IOB,IO_L34N_M3UDQSN_3,BIDIR,LVCMOS18,3,12,SLOW,,NONE,,LOCATED,NO,NONE,
AC2,flash_dq<29>,IOB,IO_L34P_M3UDQS_3,BIDIR,LVCMOS18,3,12,SLOW,,NONE,,LOCATED,NO,NONE,
AC3,flash_dq<30>,IOB,IO_L18N_3,BIDIR,LVCMOS18,3,12,SLOW,,NONE,,LOCATED,NO,NONE,
AC4,flash_dq<21>,IOB,IO_L3P_3,BIDIR,LVCMOS18,3,12,SLOW,,NONE,,LOCATED,NO,NONE,
AC5,,IOBM,IO_L10P_3,UNUSED,,3,,,,,,,,,
AC6,,,VCCO_3,,,3,,,,,1.80,,,,
AC7,,IOBM,IO_L1P_3,UNUSED,,3,,,,,,,,,
AC8,,,GND,,,,,,,,,,,,
AC9,,IOBM,IO_L58P_2,UNUSED,,2,,,,,,,,,
AC10,,,VCCO_2,,,2,,,,,3.30,,,,
AC11,,IOBM,IO_L45P_2,UNUSED,,2,,,,,,,,,
AC12,,IOBS,IO_L41N_VREF_2,UNUSED,,2,,,,,,,,,
AC13,,IOBM,IO_L31P_GCLK31_D14_2,UNUSED,,2,,,,,,,,,
AC14,,IOBS,IO_L19N_2,UNUSED,,2,,,,,,,,,
AC15,,IOBM,IO_L16P_2,UNUSED,,2,,,,,,,,,
AC16,,IOBM,IO_L17P_2,UNUSED,,2,,,,,,,,,
AC17,,IOBS,IO_L15N_2,UNUSED,,2,,,,,,,,,
AC18,,,VCCO_2,,,2,,,,,3.30,,,,
AC19,,IOBM,IO_L7P_2,UNUSED,,2,,,,,,,,,
AC20,,IOBM,IO_L5P_2,UNUSED,,2,,,,,,,,,
AC21,,,VCCO_2,,,2,,,,,3.30,,,,
AC22,,,CMPCS_B_2,,,,,,,,,,,,
AC23,,IOBM,IO_L65P_1,UNUSED,,1,,,,,,,,,
AC24,,IOBS,IO_L65N_1,UNUSED,,1,,,,,,,,,
AC25,,IOBM,IO_L50P_M1UDQS_1,UNUSED,,1,,,,,,,,,
AC26,sram_dq<17>,IOB,IO_L50N_M1UDQSN_1,BIDIR,LVCMOS18,1,12,SLOW,,NONE,,LOCATED,NO,NONE,
AD1,flash_dq<28>,IOB,IO_L33N_M3DQ13_3,BIDIR,LVCMOS18,3,12,SLOW,,NONE,,LOCATED,NO,NONE,
AD2,,,VCCO_3,,,3,,,,,1.80,,,,
AD3,flash_dq<27>,IOB,IO_L33P_M3DQ12_3,BIDIR,LVCMOS18,3,12,SLOW,,NONE,,LOCATED,NO,NONE,
AD4,flash_dq<20>,IOB,IO_L3N_3,BIDIR,LVCMOS18,3,12,SLOW,,NONE,,LOCATED,NO,NONE,
AD5,flash_dq<17>,IOB,IO_L10N_3,BIDIR,LVCMOS18,3,12,SLOW,,NONE,,LOCATED,NO,NONE,
AD6,sys_rst,IOB,IO_L63P_2,INPUT,LVCMOS25*,2,,,,NONE,,LOCATED,NO,NONE,
AD7,,IOBS,IO_L1N_VREF_3,UNUSED,,3,,,,,,,,,
AD8,,IOBM,IO_L53P_2,UNUSED,,2,,,,,,,,,
AD9,,IOBS,IO_L58N_2,UNUSED,,2,,,,,,,,,
AD10,,IOBM,IO_L49P_D3_2,UNUSED,,2,,,,,,,,,
AD11,,IOBS,IO_L45N_2,UNUSED,,2,,,,,,,,,
AD12,refresh_clk,IOB,IO_L32P_GCLK29_2,INPUT,LVCMOS25*,2,,,,NONE,,LOCATED,NO,NONE,
AD13,,IOBS,IO_L31N_GCLK30_D15_2,UNUSED,,2,,,,,,,,,
AD14,,IOBM,IO_L29P_GCLK3_2,UNUSED,,2,,,,,,,,,
AD15,,IOBS,IO_L16N_VREF_2,UNUSED,,2,,,,,,,,,
AD16,,IOBM,IO_L13P_M1_2,UNUSED,,2,,,,,,,,,
AD17,,IOBS,IO_L17N_2,UNUSED,,2,,,,,,,,,
AD18,,IOBM,IO_L9P_2,UNUSED,,2,,,,,,,,,
AD19,,IOBS,IO_L7N_2,UNUSED,,2,,,,,,,,,
AD20,,IOBM,IO_L3P_D0_DIN_MISO_MISO1_2,UNUSED,,2,,,,,,,,,
AD21,,IOBS,IO_L5N_2,UNUSED,,2,,,,,,,,,
AD22,,IOBM,IO_L1P_CCLK_2,UNUSED,,2,,,,,,,,,
AD23,,,SUSPEND,,,,,,,,,,,,
AD24,,IOBM,IO_L48P_HDC_M1DQ8_1,UNUSED,,1,,,,,,,,,
AD25,,,VCCO_1,,,1,,,,,1.80,,,,
AD26,,IOBS,IO_L48N_M1DQ9_1,UNUSED,,1,,,,,,,,,
AE1,flash_dq<26>,IOB,IO_L35N_M3DQ11_3,BIDIR,LVCMOS18,3,12,SLOW,,NONE,,LOCATED,NO,NONE,
AE2,flash_dq<25>,IOB,IO_L35P_M3DQ10_3,BIDIR,LVCMOS18,3,12,SLOW,,NONE,,LOCATED,NO,NONE,
AE3,flash_dq<19>,IOB,IO_L2P_3,BIDIR,LVCMOS18,3,12,SLOW,,NONE,,LOCATED,NO,NONE,
AE4,,IOBM,IO_L65P_INIT_B_2,UNUSED,,2,,,,,,,,,
AE5,,IOBM,IO_L64P_D8_2,UNUSED,,2,,,,,,,,,
AE6,,,GND,,,,,,,,,,,,
AE7,,IOBM,IO_L62P_D5_2,UNUSED,,2,,,,,,,,,
AE8,,,VCCO_2,,,2,,,,,3.30,,,,
AE9,,IOBM,IO_L48P_D7_2,UNUSED,,2,,,,,,,,,
AE10,,,GND,,,,,,,,,,,,
AE11,,IOBM,IO_L47P_2,UNUSED,,2,,,,,,,,,
AE12,,,VCCO_2,,,2,,,,,3.30,,,,
AE13,,IOBM,IO_L30P_GCLK1_D13_2,UNUSED,,2,,,,,,,,,
AE14,,,GND,,,,,,,,,,,,
AE15,,IOBM,IO_L14P_D11_2,UNUSED,,2,,,,,,,,,
AE16,,,VCCO_2,,,2,,,,,3.30,,,,
AE17,,IOBM,IO_L12P_D1_MISO2_2,UNUSED,,2,,,,,,,,,
AE18,,,GND,,,,,,,,,,,,
AE19,,IOBM,IO_L4P_2,UNUSED,,2,,,,,,,,,
AE20,,,VCCO_2,,,2,,,,,3.30,,,,
AE21,,IOBM,IO_L2P_CMPCLK_2,UNUSED,,2,,,,,,,,,
AE22,,,GND,,,,,,,,,,,,
AE23,,IOBM,IO_L74P_AWAKE_1,UNUSED,,1,,,,,,,,,
AE24,,IOBM,IO_L67P_1,UNUSED,,1,,,,,,,,,
AE25,,IOBM,IO_L52P_M1DQ14_1,UNUSED,,1,,,,,,,,,
AE26,,IOBS,IO_L52N_M1DQ15_1,UNUSED,,1,,,,,,,,,
AF1,,,GND,,,,,,,,,,,,
AF2,flash_dq<24>,IOB,IO_L2N_3,BIDIR,LVCMOS18,3,12,SLOW,,NONE,,LOCATED,NO,NONE,
AF3,,,PROGRAM_B_2,,,,,,,,,,,,
AF4,,IOBS,IO_L65N_CSO_B_2,UNUSED,,2,,,,,,,,,
AF5,,IOBS,IO_L64N_D9_2,UNUSED,,2,,,,,,,,,
AF6,,IOBS,IO_L63N_2,UNUSED,,2,,,,,,,,,
AF7,,IOBS,IO_L62N_D6_2,UNUSED,,2,,,,,,,,,
AF8,,IOBS,IO_L53N_2,UNUSED,,2,,,,,,,,,
AF9,,IOBS,IO_L48N_RDWR_B_VREF_2,UNUSED,,2,,,,,,,,,
AF10,,IOBS,IO_L49N_D4_2,UNUSED,,2,,,,,,,,,
AF11,,IOBS,IO_L47N_2,UNUSED,,2,,,,,,,,,
AF12,,IOBS,IO_L32N_GCLK28_2,UNUSED,,2,,,,,,,,,
AF13,sys_clk,IOB,IO_L30N_GCLK0_USERCCLK_2,INPUT,LVCMOS25*,2,,,,NONE,,LOCATED,NO,NONE,
AF14,,IOBS,IO_L29N_GCLK2_2,UNUSED,,2,,,,,,,,,
AF15,uart_txd,IOB,IO_L14N_D12_2,OUTPUT,LVCMOS33,2,12,SLOW,,,,LOCATED,NO,NONE,
AF16,uart_rxd,IOB,IO_L13N_D10_2,INPUT,LVCMOS33,2,,,,NONE,,LOCATED,YES,NONE,
AF17,TxD1,IOB,IO_L12N_D2_MISO3_2,OUTPUT,LVCMOS33,2,12,SLOW,,,,LOCATED,NO,NONE,
AF18,,IOBS,IO_L9N_2,UNUSED,,2,,,,,,,,,
AF19,,IOBS,IO_L4N_VREF_2,UNUSED,,2,,,,,,,,,
AF20,,IOBS,IO_L3N_MOSI_CSI_B_MISO0_2,UNUSED,,2,,,,,,,,,
AF21,,IOBS,IO_L2N_CMPMOSI_2,UNUSED,,2,,,,,,,,,
AF22,,IOBS,IO_L1N_M0_CMPMISO_2,UNUSED,,2,,,,,,,,,
AF23,,,DONE_2,,,,,,,,,,,,
AF24,,IOBS,IO_L74N_DOUT_BUSY_1,UNUSED,,1,,,,,,,,,
AF25,,IOBS,IO_L67N_1,UNUSED,,1,,,,,,,,,
AF26,,,GND,,,,,,,,,,,,
B1,din<9>,IOB,IO_L81N_M4A11_4,INPUT,LVCMOS25*,4,,,,NONE,,LOCATED,NO,NONE,
B2,din<11>,IOB,IO_L81P_M4RESET_4,INPUT,LVCMOS25*,4,,,,NONE,,LOCATED,NO,NONE,
B3,,,VCCO_0,,,0,,,,,2.50,,,,
B4,,IOBM,IO_L2P_0,UNUSED,,0,,,,,,,,,
B5,,,GND,,,,,,,,,,,,
B6,din<16>,IOB,IO_L6P_0,INPUT,LVCMOS25*,0,,,,NONE,,LOCATED,NO,NONE,
B7,,,VCCO_0,,,0,,,,,2.50,,,,
B8,,IOBM,IO_L16P_0,UNUSED,,0,,,,,,,,,
B9,,,GND,,,,,,,,,,,,
B10,,IOBM,IO_L22P_0,UNUSED,,0,,,,,,,,,
B11,,,VCCO_0,,,0,,,,,2.50,,,,
B12,dout2<6>,IOB,IO_L26P_0,OUTPUT,LVCMOS25*,0,12,SLOW,,,,LOCATED,NO,NONE,
B13,,,GND,,,,,,,,,,,,
B14,,IOBM,IO_L35P_GCLK17_0,UNUSED,,0,,,,,,,,,
B15,,,VCCO_0,,,0,,,,,2.50,,,,
B16,,IOBM,IO_L38P_0,UNUSED,,0,,,,,,,,,
B17,,,GND,,,,,,,,,,,,
B18,,IOBM,IO_L62P_0,UNUSED,,0,,,,,,,,,
B19,,,VCCO_0,,,0,,,,,2.50,,,,
B20,,IOBM,IO_L64P_SCP5_0,UNUSED,,0,,,,,,,,,
B21,,,GND,,,,,,,,,,,,
B22,,IOBM,IO_L66P_SCP1_0,UNUSED,,0,,,,,,,,,
B23,,IOBM,IO_L1P_A25_5,UNUSED,,5,,,,,,,,,
B24,sram_ben<6>,IOB,IO_L10P_M5A0_5,OUTPUT,LVCMOS18,5,12,SLOW,,,,LOCATED,NO,NONE,
B25,,IOBM,IO_L12P_M5A3_5,UNUSED,,5,,,,,,,,,
B26,,IOBS,IO_L12N_M5ODT_5,UNUSED,,5,,,,,,,,,
C1,din<8>,IOB,IO_L79N_M4A9_4,INPUT,LVCMOS25*,4,,,,NONE,,LOCATED,NO,NONE,
C2,din<10>,IOB,IO_L79P_M4A8_4,INPUT,LVCMOS25*,4,,,,NONE,,LOCATED,NO,NONE,
C3,,IOBS,IO_L83N_VREF_4,UNUSED,,4,,,,,,,,,
C4,,IOBM,IO_L83P_4,UNUSED,,4,,,,,,,,,
C5,,IOBM,IO_L4P_0,UNUSED,,0,,,,,,,,,
C6,,IOBS,IO_L8N_VREF_0,UNUSED,,0,,,,,,,,,
C7,din<18>,IOB,IO_L12P_0,INPUT,LVCMOS25*,0,,,,NONE,,LOCATED,NO,NONE,
C8,din<20>,IOB,IO_L14N_0,INPUT,LVCMOS25*,0,,,,NONE,,LOCATED,NO,NONE,
C9,din<22>,IOB,IO_L17P_0,INPUT,LVCMOS25*,0,,,,NONE,,LOCATED,NO,NONE,
C10,,IOBS,IO_L19N_0,UNUSED,,0,,,,,,,,,
C11,din<24>,IOB,IO_L24P_0,INPUT,LVCMOS25*,0,,,,NONE,,LOCATED,NO,NONE,
C12,,IOBS,IO_L31N_0,UNUSED,,0,,,,,,,,,
C13,din<26>,IOB,IO_L34P_GCLK19_0,INPUT,LVCMOS25*,0,,,,NONE,,LOCATED,NO,NONE,
C14,din<30>,IOB,IO_L36N_GCLK14_0,INPUT,LVCMOS25*,0,,,,NONE,,LOCATED,NO,NONE,
C15,sel2<3>,IOB,IO_L37P_GCLK13_0,OUTPUT,LVCMOS25*,0,12,SLOW,,,,LOCATED,NO,NONE,
C16,,IOBS,IO_L46N_0,UNUSED,,0,,,,,,,,,
C17,dout1<1>,IOB,IO_L50P_0,OUTPUT,LVCMOS25*,0,12,SLOW,,,,LOCATED,NO,NONE,
C18,dout2<4>,IOB,IO_L52N_0,OUTPUT,LVCMOS25*,0,12,SLOW,,,,LOCATED,NO,NONE,
C19,sel1<2>,IOB,IO_L63P_SCP7_0,OUTPUT,LVCMOS25*,0,12,SLOW,,,,LOCATED,NO,NONE,
C20,sel1<4>,IOB,IO_L56N_0,OUTPUT,LVCMOS25*,0,12,SLOW,,,,LOCATED,NO,NONE,
C21,dout1<2>,IOB,IO_L65P_SCP3_0,OUTPUT,LVCMOS25*,0,12,SLOW,,,,LOCATED,NO,NONE,
C22,,,VCCO_0,,,0,,,,,2.50,,,,
C23,,,TMS,,,,,,,,,,,,
C24,,IOBS,IO_L3N_M5A11_5,UNUSED,,5,,,,,,,,,
C25,,IOBM,IO_L11P_M5CLK_5,UNUSED,,5,,,,,,,,,
C26,,IOBS,IO_L11N_M5CLKN_5,UNUSED,,5,,,,,,,,,
D1,din<7>,IOB,IO_L68N_M4DQ5_4,INPUT,LVCMOS25*,4,,,,NONE,,LOCATED,NO,NONE,
D2,,,VCCO_4,,,4,,,,,2.50,,,,
D3,,IOBM,IO_L68P_M4DQ4_4,UNUSED,,4,,,,,,,,,
D4,,,GND,,,,,,,,,,,,
D5,,IOBS,IO_L3N_0,UNUSED,,0,,,,,,,,,
D6,,IOBM,IO_L8P_0,UNUSED,,0,,,,,,,,,
D7,din<17>,IOB,IO_L13N_0,INPUT,LVCMOS25*,0,,,,NONE,,LOCATED,NO,NONE,
D8,din<19>,IOB,IO_L14P_0,INPUT,LVCMOS25*,0,,,,NONE,,LOCATED,NO,NONE,
D9,,,VCCO_0,,,0,,,,,2.50,,,,
D10,,IOBM,IO_L19P_0,UNUSED,,0,,,,,,,,,
D11,,IOBM,IO_L23P_0,UNUSED,,0,,,,,,,,,
D12,din<25>,IOB,IO_L31P_0,INPUT,LVCMOS25*,0,,,,NONE,,LOCATED,NO,NONE,
D13,dout2<2>,IOB,IO_L33N_0,OUTPUT,LVCMOS25*,0,12,SLOW,,,,LOCATED,NO,NONE,
D14,,IOBM,IO_L36P_GCLK15_0,UNUSED,,0,,,,,,,,,
D15,,IOBS,IO_L44N_0,UNUSED,,0,,,,,,,,,
D16,,IOBM,IO_L46P_0,UNUSED,,0,,,,,,,,,
D17,,,VCCO_0,,,0,,,,,2.50,,,,
D18,dout2<3>,IOB,IO_L52P_0,OUTPUT,LVCMOS25*,0,12,SLOW,,,,LOCATED,NO,NONE,
D19,,IOBS,IO_L54N_0,UNUSED,,0,,,,,,,,,
D20,,IOBS,IO_L58N_0,UNUSED,,0,,,,,,,,,
D21,,IOBM,IO_L56P_0,UNUSED,,0,,,,,,,,,
D22,,IOBS,IO_L4N_M5A12_5,UNUSED,,5,,,,,,,,,
D23,,IOBM,IO_L3P_M5RESET_5,UNUSED,,5,,,,,,,,,
D24,,IOBM,IO_L17P_M5DQ6_5,UNUSED,,5,,,,,,,,,
D25,,,VCCO_5,,,5,,,,,1.80,,,,
D26,,IOBS,IO_L17N_M5DQ7_5,UNUSED,,5,,,,,,,,,
E1,din<5>,IOB,IO_L67N_M4DQ7_4,INPUT,LVCMOS25*,4,,,,NONE,,LOCATED,NO,NONE,
E2,,IOBM,IO_L67P_M4DQ6_4,UNUSED,,4,,,,,,,,,
E3,din<6>,IOB,IO_L77N_M4BA2_4,INPUT,LVCMOS25*,4,,,,NONE,,LOCATED,NO,NONE,
E4,din<12>,IOB,IO_L77P_M4WE_4,INPUT,LVCMOS25*,4,,,,NONE,,LOCATED,NO,NONE,
E5,,IOBS,IO_L80N_M4A12_4,UNUSED,,4,,,,,,,,,
E6,din<14>,IOB,IO_L3P_0,INPUT,LVCMOS25*,0,,,,NONE,,LOCATED,NO,NONE,
E7,,,GND,,,,,,,,,,,,
E8,,IOBM,IO_L13P_0,UNUSED,,0,,,,,,,,,
E9,,IOBS,IO_L15N_0,UNUSED,,0,,,,,,,,,
E10,,IOBM,IO_L18P_0,UNUSED,,0,,,,,,,,,
E11,,,GND,,,,,,,,,,,,
E12,,,NC,,,,,,,,,,,,
E13,,,VCCO_0,,,0,,,,,2.50,,,,
E14,din<28>,IOB,IO_L44P_0,INPUT,LVCMOS25*,0,,,,NONE,,LOCATED,NO,NONE,
E15,,,GND,,,,,,,,,,,,
E16,sel2<1>,IOB,IO_L49N_0,OUTPUT,LVCMOS25*,0,12,SLOW,,,,LOCATED,NO,NONE,
E17,dout2<0>,IOB,IO_L48N_0,OUTPUT,LVCMOS25*,0,12,SLOW,,,,LOCATED,NO,NONE,
E18,dout1<3>,IOB,IO_L57N_0,OUTPUT,LVCMOS25*,0,12,SLOW,,,,LOCATED,NO,NONE,
E19,dout1<7>,IOB,IO_L54P_0,OUTPUT,LVCMOS25*,0,12,SLOW,,,,LOCATED,NO,NONE,
E20,dout1<6>,IOB,IO_L58P_0,OUTPUT,LVCMOS25*,0,12,SLOW,,,,LOCATED,NO,NONE,
E21,,,TCK,,,,,,,,,,,,
E22,,,GND,,,,,,,,,,,,
E23,,IOBM,IO_L7P_M5WE_5,UNUSED,,5,,,,,,,,,
E24,,IOBS,IO_L7N_M5BA2_5,UNUSED,,5,,,,,,,,,
E25,,IOBM,IO_L16P_M5DQ4_5,UNUSED,,5,,,,,,,,,
E26,sram_dq<8>,IOB,IO_L16N_M5DQ5_5,BIDIR,LVCMOS18,5,12,SLOW,,NONE,,LOCATED,NO,NONE,
F1,din<3>,IOB,IO_L66N_M4LDQSN_4,INPUT,LVCMOS25*,4,,,,NONE,,LOCATED,NO,NONE,
F2,,,GND,,,,,,,,,,,,
F3,din<4>,IOB,IO_L66P_M4LDQS_4,INPUT,LVCMOS25*,4,,,,NONE,,LOCATED,NO,NONE,
F4,,,VCCO_4,,,4,,,,,2.50,,,,
F5,,IOBM,IO_L80P_M4CKE_4,UNUSED,,4,,,,,,,,,
F6,,,VCCAUX,,,,,,,,2.5,,,,
F7,,IOBS,IO_L5N_0,UNUSED,,0,,,,,,,,,
F8,,,NC,,,,,,,,,,,,
F9,,IOBM,IO_L15P_0,UNUSED,,0,,,,,,,,,
F10,,IOBS,IO_L18N_0,UNUSED,,0,,,,,,,,,
F11,,IOBS,IO_L23N_0,UNUSED,,0,,,,,,,,,
F12,,,NC,,,,,,,,,,,,
F13,din<27>,IOB,IO_L33P_0,INPUT,LVCMOS25*,0,,,,NONE,,LOCATED,NO,NONE,
F14,,,NC,,,,,,,,,,,,
F15,,IOBS,IO_L47N_0,UNUSED,,0,,,,,,,,,
F16,dout2<5>,IOB,IO_L49P_0,OUTPUT,LVCMOS25*,0,12,SLOW,,,,LOCATED,NO,NONE,
F17,dout1<4>,IOB,IO_L48P_0,OUTPUT,LVCMOS25*,0,12,SLOW,,,,LOCATED,NO,NONE,
F18,sel1<3>,IOB,IO_L57P_0,OUTPUT,LVCMOS25*,0,12,SLOW,,,,LOCATED,NO,NONE,
F19,,,GND,,,,,,,,,,,,
F20,,,TDI,,,,,,,,,,,,
F21,,,VCCAUX,,,,,,,,2.5,,,,
F22,sram_ben<0>,IOB,IO_L4P_M5CKE_5,OUTPUT,LVCMOS18,5,12,SLOW,,,,LOCATED,NO,NONE,
F23,,,VCCO_5,,,5,,,,,1.80,,,,
F24,,IOBM,IO_L18P_M5LDQS_5,UNUSED,,5,,,,,,,,,
F25,,,GND,,,,,,,,,,,,
F26,,IOBS,IO_L18N_M5LDQSN_5,UNUSED,,5,,,,,,,,,
G1,,IOBS,IO_L65N_M4DQ3_4,UNUSED,,4,,,,,,,,,
G2,,IOBM,IO_L65P_M4DQ2_4,UNUSED,,4,,,,,,,,,
G3,din<2>,IOB,IO_L73N_M4CLKN_4,INPUT,LVCMOS25*,4,,,,NONE,,LOCATED,NO,NONE,
G4,,IOBM,IO_L73P_M4CLK_4,UNUSED,,4,,,,,,,,,
G5,din<13>,IOB,IO_L78N_M4A4_4,INPUT,LVCMOS25*,4,,,,NONE,,LOCATED,NO,NONE,
G6,din<15>,IOB,IO_L78P_M4A10_4,INPUT,LVCMOS25*,4,,,,NONE,,LOCATED,NO,NONE,
G7,,IOBS,IO_L82N_M4A14_4,UNUSED,,4,,,,,,,,,
G8,din<21>,IOB,IO_L5P_0,INPUT,LVCMOS25*,0,,,,NONE,,LOCATED,NO,NONE,
G9,,,NC,,,,,,,,,,,,
G10,,,VCCO_0,,,0,,,,,2.50,,,,
G11,,,NC,,,,,,,,,,,,
G12,,,VCCAUX,,,,,,,,2.5,,,,
G13,,,NC,,,,,,,,,,,,
G14,sel2<4>,IOB,IO_L43N_0,OUTPUT,LVCMOS25*,0,12,SLOW,,,,LOCATED,NO,NONE,
G15,,,VCCAUX,,,,,,,,2.5,,,,
G16,,IOBM,IO_L47P_0,UNUSED,,0,,,,,,,,,
G17,sel1<1>,IOB,IO_L55N_0,OUTPUT,LVCMOS25*,0,12,SLOW,,,,LOCATED,NO,NONE,
G18,,,VCCO_0,,,0,,,,,2.50,,,,
G19,,IOBS,IO_L9N_M5BA1_5,UNUSED,,5,,,,,,,,,
G20,,IOBM,IO_L2P_M5A13_5,UNUSED,,5,,,,,,,,,
G21,,IOBS,IO_L2N_M5A14_5,UNUSED,,5,,,,,,,,,
G22,,IOBS,IO_L6N_M5A4_5,UNUSED,,5,,,,,,,,,
G23,sram_ben<1>,IOB,IO_L8P_M5A7_5,OUTPUT,LVCMOS18,5,12,SLOW,,,,LOCATED,NO,NONE,
G24,,IOBS,IO_L8N_M5A2_5,UNUSED,,5,,,,,,,,,
G25,sram_dq<15>,IOB,IO_L20P_M5DQ0_5,BIDIR,LVCMOS18,5,12,SLOW,,NONE,,LOCATED,NO,NONE,
G26,sram_dq<9>,IOB,IO_L20N_M5DQ1_5,BIDIR,LVCMOS18,5,12,SLOW,,NONE,,LOCATED,NO,NONE,
H1,,IOBS,IO_L64N_M4DQ1_4,UNUSED,,4,,,,,,,,,
H2,,,VCCO_4,,,4,,,,,2.50,,,,
H3,din<0>,IOB,IO_L64P_M4DQ0_4,INPUT,LVCMOS25*,4,,,,NONE,,LOCATED,NO,NONE,
H4,,,GND,,,,,,,,,,,,
H5,,IOBS,IO_L75N_M4BA1_4,UNUSED,,4,,,,,,,,,
H6,,IOBM,IO_L75P_M4BA0_4,UNUSED,,4,,,,,,,,,
H7,din<1>,IOB,IO_L72N_M4ODT_4,INPUT,LVCMOS25*,4,,,,NONE,,LOCATED,NO,NONE,
H8,,IOBM,IO_L82P_M4A13_4,UNUSED,,4,,,,,,,,,
H9,,,NC,,,,,,,,,,,,
H10,,,NC,,,,,,,,,,,,
H11,,,GND,,,,,,,,,,,,
H12,,,NC,,,,,,,,,,,,
H13,,,NC,,,,,,,,,,,,
H14,,,VCCO_0,,,0,,,,,2.50,,,,
H15,,IOBS,IO_L51N_0,UNUSED,,0,,,,,,,,,
H16,,IOBM,IO_L55P_0,UNUSED,,0,,,,,,,,,
H17,,IOBS,IO_L59N_0,UNUSED,,0,,,,,,,,,
H18,,IOBM,IO_L9P_M5BA0_5,UNUSED,,5,,,,,,,,,
H19,,IOBM,IO_L27P_5,UNUSED,,5,,,,,,,,,
H20,,IOBM,IO_L5P_M5A8_5,UNUSED,,5,,,,,,,,,
H21,,IOBS,IO_L5N_M5A9_5,UNUSED,,5,,,,,,,,,
H22,sram_dq<14>,IOB,IO_L6P_M5A10_5,BIDIR,LVCMOS18,5,12,SLOW,,NONE,,LOCATED,NO,NONE,
H23,,,GND,,,,,,,,,,,,
H24,,IOBM,IO_L19P_M5DQ2_5,UNUSED,,5,,,,,,,,,
H25,,,VCCO_5,,,5,,,,,1.80,,,,
H26,sram_dq<13>,IOB,IO_L19N_M5DQ3_5,BIDIR,LVCMOS18,5,12,SLOW,,NONE,,LOCATED,NO,NONE,
J1,,IOBS,IO_L63N_M4DQ9_4,UNUSED,,4,,,,,,,,,
J2,,IOBM,IO_L63P_M4DQ8_4,UNUSED,,4,,,,,,,,,
J3,,IOBS,IO_L69N_M4LDM_4,UNUSED,,4,,,,,,,,,
J4,,IOBM,IO_L69P_M4UDM_4,UNUSED,,4,,,,,,,,,
J5,,IOBS,IO_L71N_M4A6_4,UNUSED,,4,,,,,,,,,
J6,,,VCCO_4,,,4,,,,,2.50,,,,
J7,,IOBM,IO_L72P_M4A3_4,UNUSED,,4,,,,,,,,,
J8,,,GND,,,,,,,,,,,,
J9,,,VCCAUX,,,,,,,,2.5,,,,
J10,,IOBM,IO_L76P_M4A7_4,UNUSED,,4,,,,,,,,,
J11,,,NC,,,,,,,,,,,,
J12,,,NC,,,,,,,,,,,,
J13,,,NC,,,,,,,,,,,,
J14,dout2<7>,IOB,IO_L43P_0,OUTPUT,LVCMOS25*,0,12,SLOW,,,,LOCATED,NO,NONE,
J15,,IOBM,IO_L51P_0,UNUSED,,0,,,,,,,,,
J16,,,NC,,,,,,,,,,,,
J17,,IOBM,IO_L59P_0,UNUSED,,0,,,,,,,,,
J18,,,VCCAUX,,,,,,,,2.5,,,,
J19,,,GND,,,,,,,,,,,,
J20,,IOBS,IO_L27N_5,UNUSED,,5,,,,,,,,,
J21,,,VCCO_5,,,5,,,,,1.80,,,,
J22,,IOBS,IO_L14N_M5CASN_5,UNUSED,,5,,,,,,,,,
J23,sram_dq<12>,IOB,IO_L15P_M5UDM_5,BIDIR,LVCMOS18,5,12,SLOW,,NONE,,LOCATED,NO,NONE,
J24,,IOBS,IO_L15N_M5LDM_5,UNUSED,,5,,,,,,,,,
J25,sram_a<15>,IOB,IO_L22P_M5DQ10_5,OUTPUT,LVCMOS18,5,12,SLOW,,,,LOCATED,NO,NONE,
J26,sram_a<12>,IOB,IO_L22N_M5DQ11_5,OUTPUT,LVCMOS18,5,12,SLOW,,,,LOCATED,NO,NONE,
K1,,IOBS,IO_L62N_M4DQ11_4,UNUSED,,4,,,,,,,,,
K2,,,GND,,,,,,,,,,,,
K3,,IOBM,IO_L62P_M4DQ10_4,UNUSED,,4,,,,,,,,,
K4,,,VCCO_4,,,4,,,,,2.50,,,,
K5,,IOBM,IO_L71P_M4A5_4,UNUSED,,4,,,,,,,,,
K6,,IOBS,IO_L70N_M4CASN_4,UNUSED,,4,,,,,,,,,
K7,,IOBM,IO_L70P_M4RASN_4,UNUSED,,4,,,,,,,,,
K8,start,IOB,IO_L58P_4,OUTPUT,LVCMOS25*,4,12,SLOW,,,,UNLOCATED,NO,NONE,
K9,,IOBS,IO_L76N_M4A2_4,UNUSED,,4,,,,,,,,,
K10,,IOBM,IO_L74P_M4A0_4,UNUSED,,4,,,,,,,,,
K11,,,VCCINT,,,,,,,,1.2,,,,
K12,,,NC,,,,,,,,,,,,
K13,,,VCCAUX,,,,,,,,2.5,,,,
K14,,,NC,,,,,,,,,,,,
K15,,,NC,,,,,,,,,,,,
K16,,,GND,,,,,,,,,,,,
K17,,,VCCINT,,,,,,,,1.2,,,,
K18,,IOBS,IO_L32N_A16_M1A9_1,UNUSED,,1,,,,,,,,,
K19,,IOBS,IO_L28N_VREF_1,UNUSED,,1,,,,,,,,,
K20,sram_dq<5>,IOB,IO_L13P_M5A5_5,BIDIR,LVCMOS18,5,12,SLOW,,NONE,,LOCATED,NO,NONE,
K21,sram_dq<4>,IOB,IO_L13N_M5A6_5,BIDIR,LVCMOS18,5,12,SLOW,,NONE,,LOCATED,NO,NONE,
K22,sram_dq<11>,IOB,IO_L14P_M5RASN_5,BIDIR,LVCMOS18,5,12,SLOW,,NONE,,LOCATED,NO,NONE,
K23,,,VCCO_5,,,5,,,,,1.80,,,,
K24,sram_dq<10>,IOB,IO_L21P_M5DQ8_5,BIDIR,LVCMOS18,5,12,SLOW,,NONE,,LOCATED,NO,NONE,
K25,,,GND,,,,,,,,,,,,
K26,sram_a<11>,IOB,IO_L21N_M5DQ9_5,OUTPUT,LVCMOS18,5,12,SLOW,,,,LOCATED,NO,NONE,
L1,,IOBS,IO_L61N_M4UDQSN_4,UNUSED,,4,,,,,,,,,
L2,,IOBM,IO_L61P_M4UDQS_4,UNUSED,,4,,,,,,,,,
L3,flash_a<3>,IOB,IO_L54N_M3A11_3,OUTPUT,LVCMOS18,3,12,SLOW,,,,LOCATED,NO,NONE,
L4,flash_a<7>,IOB,IO_L54P_M3RESET_3,OUTPUT,LVCMOS18,3,12,SLOW,,,,LOCATED,NO,NONE,
L5,,,VCCAUX,,,,,,,,2.5,,,,
L6,,IOBS,IO_L57N_VREF_3,UNUSED,,3,,,,,,,,,
L7,,IOBM,IO_L57P_3,UNUSED,,3,,,,,,,,,
L8,,IOBS,IO_L58N_VREF_4,UNUSED,,4,,,,,,,,,
L9,,IOBS,IO_L74N_M4A1_4,UNUSED,,4,,,,,,,,,
L10,,,VCCINT,,,,,,,,1.2,,,,
L11,,,GND,,,,,,,,,,,,
L12,,,VCCINT,,,,,,,,1.2,,,,
L13,,,GND,,,,,,,,,,,,
L14,,,VCCINT,,,,,,,,1.2,,,,
L15,,,GND,,,,,,,,,,,,
L16,,,VCCINT,,,,,,,,1.2,,,,
L17,,IOBM,IO_L32P_A17_M1A8_1,UNUSED,,1,,,,,,,,,
L18,,IOBS,IO_L34N_A12_M1BA2_1,UNUSED,,1,,,,,,,,,
L19,,IOBM,IO_L28P_1,UNUSED,,1,,,,,,,,,
L20,sram_dq<7>,IOB,IO_L26P_5,BIDIR,LVCMOS18,5,12,SLOW,,NONE,,LOCATED,NO,NONE,
L21,,IOBS,IO_L26N_VREF_5,UNUSED,,5,,,,,,,,,
L22,,,VCCAUX,,,,,,,,2.5,,,,
L23,sram_a<7>,IOB,IO_L29P_A23_M1A13_1,OUTPUT,LVCMOS18,1,12,SLOW,,,,LOCATED,NO,NONE,
L24,sram_a<21>,IOB,IO_L29N_A22_M1A14_1,OUTPUT,LVCMOS18,1,12,SLOW,,,,LOCATED,NO,NONE,
L25,sram_a<9>,IOB,IO_L24P_M5DQ12_5,OUTPUT,LVCMOS18,5,12,SLOW,,,,LOCATED,NO,NONE,
L26,sram_a<5>,IOB,IO_L24N_M5DQ13_5,OUTPUT,LVCMOS18,5,12,SLOW,,,,LOCATED,NO,NONE,
M1,,IOBS,IO_L60N_M4DQ13_4,UNUSED,,4,,,,,,,,,
M2,,,VCCO_4,,,4,,,,,2.50,,,,
M3,,IOBM,IO_L60P_M4DQ12_4,UNUSED,,4,,,,,,,,,
M4,flash_rdybsyn,IOB,IO_L55N_M3A14_3,INPUT,LVCMOS18,3,,,,NONE,,LOCATED,NO,NONE,
M5,,,GND,,,,,,,,,,,,
M6,,IOBM,IO_L55P_M3A13_3,UNUSED,,3,,,,,,,,,
M7,,,VCCO_3,,,3,,,,,1.80,,,,
M8,flash_a<4>,IOB,IO_L53N_M3A12_3,OUTPUT,LVCMOS18,3,12,SLOW,,,,LOCATED,NO,NONE,
M9,,IOBM,IO_L53P_M3CKE_3,UNUSED,,3,,,,,,,,,
M10,,IOBM,IO_L51P_M3A10_3,UNUSED,,3,,,,,,,,,
M11,,,VCCINT,,,,,,,,1.2,,,,
M12,,,GND,,,,,,,,,,,,
M13,,,VCCINT,,,,,,,,1.2,,,,
M14,,,GND,,,,,,,,,,,,
M15,,,VCCINT,,,,,,,,1.2,,,,
M16,,,GND,,,,,,,,,,,,
M17,,,VCCAUX,,,,,,,,2.5,,,,
M18,,IOBM,IO_L36P_A9_M1BA0_1,UNUSED,,1,,,,,,,,,
M19,,IOBM,IO_L34P_A13_M1WE_1,UNUSED,,1,,,,,,,,,
M20,,,VCCO_1,,,1,,,,,1.80,,,,
M21,sram_dq<6>,IOB,IO_L40N_GCLK10_M1A6_1,BIDIR,LVCMOS18,1,12,SLOW,,NONE,,LOCATED,NO,NONE,
M22,,,GND,,,,,,,,,,,,
M23,sram_wen,IOB,IO_L31P_A19_M1CKE_1,OUTPUT,LVCMOS18,1,12,SLOW,,,,LOCATED,NO,NONE,
M24,sram_a<20>,IOB,IO_L23P_M5UDQS_5,OUTPUT,LVCMOS18,5,12,SLOW,,,,LOCATED,NO,NONE,
M25,,,VCCO_5,,,5,,,,,1.80,,,,
M26,sram_advn,IOB,IO_L23N_M5UDQSN_5,OUTPUT,LVCMOS18,5,12,SLOW,,,,LOCATED,NO,NONE,
N1,,IOBS,IO_L59N_M4DQ15_4,UNUSED,,4,,,,,,,,,
N2,,IOBM,IO_L59P_M4DQ14_4,UNUSED,,4,,,,,,,,,
N3,,IOBS,IO_L52N_M3A9_3,UNUSED,,3,,,,,,,,,
N4,flash_wen,IOB,IO_L52P_M3A8_3,OUTPUT,LVCMOS18,3,12,SLOW,,,,LOCATED,NO,NONE,
N5,flash_a<9>,IOB,IO_L50N_M3BA2_3,OUTPUT,LVCMOS18,3,12,SLOW,,,,LOCATED,NO,NONE,
N6,flash_a<12>,IOB,IO_L47N_M3A1_3,OUTPUT,LVCMOS18,3,12,SLOW,,,,LOCATED,NO,NONE,
N7,,IOBM,IO_L47P_M3A0_3,UNUSED,,3,,,,,,,,,
N8,,IOBM,IO_L43P_GCLK23_M3RASN_3,UNUSED,,3,,,,,,,,,
N9,,IOBS,IO_L51N_M3A4_3,UNUSED,,3,,,,,,,,,
N10,,,VCCAUX,,,,,,,,2.5,,,,
N11,,,GND,,,,,,,,,,,,
N12,,,VCCINT,,,,,,,,1.2,,,,
N13,,,GND,,,,,,,,,,,,
N14,,,VCCINT,,,,,,,,1.2,,,,
N15,,,GND,,,,,,,,,,,,
N16,,,VCCINT,,,,,,,,1.2,,,,
N17,,IOBM,IO_L38P_A5_M1CLK_1,UNUSED,,1,,,,,,,,,
N18,,IOBS,IO_L38N_A4_M1CLKN_1,UNUSED,,1,,,,,,,,,
N19,sram_dq<0>,IOB,IO_L36N_A8_M1BA1_1,BIDIR,LVCMOS18,1,12,SLOW,,NONE,,LOCATED,NO,NONE,
N20,sram_waitn,IOB,IO_L40P_GCLK11_M1A5_1,INPUT,LVCMOS18,1,,,,NONE,,LOCATED,NO,NONE,
N21,sram_dq<2>,IOB,IO_L30N_A20_M1A11_1,BIDIR,LVCMOS18,1,12,SLOW,,NONE,,LOCATED,NO,NONE,
N22,sram_a<0>,IOB,IO_L37P_A7_M1A0_1,OUTPUT,LVCMOS18,1,12,SLOW,,,,LOCATED,NO,NONE,
N23,sram_a<3>,IOB,IO_L37N_A6_M1A1_1,OUTPUT,LVCMOS18,1,12,SLOW,,,,LOCATED,NO,NONE,
N24,sram_a<4>,IOB,IO_L31N_A18_M1A12_1,OUTPUT,LVCMOS18,1,12,SLOW,,,,LOCATED,NO,NONE,
N25,sram_dq<3>,IOB,IO_L25P_M5DQ14_5,BIDIR,LVCMOS18,5,12,SLOW,,NONE,,LOCATED,NO,NONE,
N26,sram_dq<1>,IOB,IO_L25N_M5DQ15_5,BIDIR,LVCMOS18,5,12,SLOW,,NONE,,LOCATED,NO,NONE,
P1,flash_resetn,IOB,IO_L48N_M3BA1_3,OUTPUT,LVCMOS18,3,12,SLOW,,,,LOCATED,NO,NONE,
P2,,,GND,,,,,,,,,,,,
P3,,IOBM,IO_L48P_M3BA0_3,UNUSED,,3,,,,,,,,,
P4,,,VCCO_3,,,3,,,,,1.80,,,,
P5,flash_a<13>,IOB,IO_L50P_M3WE_3,OUTPUT,LVCMOS18,3,12,SLOW,,,,LOCATED,NO,NONE,
P6,,IOBS,IO_L45N_M3ODT_3,UNUSED,,3,,,,,,,,,
P7,,IOBM,IO_L45P_M3A3_3,UNUSED,,3,,,,,,,,,
P8,,IOBS,IO_L43N_GCLK22_IRDY2_M3CASN_3,UNUSED,,3,,,,,,,,,
P9,,,VCCO_3,,,3,,,,,1.80,,,,
P10,,IOBM,IO_L49P_M3A7_3,UNUSED,,3,,,,,,,,,
P11,,,VCCINT,,,,,,,,1.2,,,,
P12,,,GND,,,,,,,,,,,,
P13,,,VCCINT,,,,,,,,1.2,,,,
P14,,,GND,,,,,,,,,,,,
P15,,,VCCINT,,,,,,,,1.2,,,,
P16,,,GND,,,,,,,,,,,,
P17,,IOBM,IO_L56P_1,UNUSED,,1,,,,,,,,,
P18,,IOBS,IO_L56N_1,UNUSED,,1,,,,,,,,,
P19,,,GND,,,,,,,,,,,,
P20,sram_psn,IOB,IO_L30P_A21_M1RESET_1,OUTPUT,LVCMOS18,1,12,SLOW,,,,LOCATED,NO,NONE,
P21,sram_ben<2>,IOB,IO_L41P_GCLK9_IRDY1_M1RASN_1,OUTPUT,LVCMOS18,1,12,SLOW,,,,LOCATED,NO,NONE,
P22,sram_a<2>,IOB,IO_L41N_GCLK8_M1CASN_1,OUTPUT,LVCMOS18,1,12,SLOW,,,,LOCATED,NO,NONE,
P23,,,VCCO_1,,,1,,,,,1.80,,,,
P24,sram_a<1>,IOB,IO_L33P_A15_M1A10_1,OUTPUT,LVCMOS18,1,12,SLOW,,,,LOCATED,NO,NONE,
P25,,,GND,,,,,,,,,,,,
P26,sram_oen,IOB,IO_L33N_A14_M1A4_1,OUTPUT,LVCMOS18,1,12,SLOW,,,,LOCATED,NO,NONE,
R1,flash_a<2>,IOB,IO_L44N_GCLK20_M3A6_3,OUTPUT,LVCMOS18,3,12,SLOW,,,,LOCATED,NO,NONE,
R2,,IOBM,IO_L44P_GCLK21_M3A5_3,UNUSED,,3,,,,,,,,,
R3,flash_a<17>,IOB,IO_L46N_M3CLKN_3,OUTPUT,LVCMOS18,3,12,SLOW,,,,LOCATED,NO,NONE,
R4,,IOBM,IO_L46P_M3CLK_3,UNUSED,,3,,,,,,,,,
R5,flash_a<8>,IOB,IO_L30P_3,OUTPUT,LVCMOS18,3,12,SLOW,,,,LOCATED,NO,NONE,
R6,,IOBS,IO_L31N_VREF_3,UNUSED,,3,,,,,,,,,
R7,,IOBM,IO_L31P_3,UNUSED,,3,,,,,,,,,
R8,,,GND,,,,,,,,,,,,
R9,,IOBS,IO_L49N_M3A2_3,UNUSED,,3,,,,,,,,,
R10,,IOBM,IO_L27P_3,UNUSED,,3,,,,,,,,,
R11,,,GND,,,,,,,,,,,,
R12,,,VCCINT,,,,,,,,1.2,,,,
R13,,,GND,,,,,,,,,,,,
R14,,,VCCINT,,,,,,,,1.2,,,,
R15,,,GND,,,,,,,,,,,,
R16,,,VCCINT,,,,,,,,1.2,,,,
R17,,IOBM,IO_L58P_1,UNUSED,,1,,,,,,,,,
R18,,IOBS,IO_L58N_1,UNUSED,,1,,,,,,,,,
R19,,IOBS,IO_L57N_1,UNUSED,,1,,,,,,,,,
R20,sram_a<8>,IOB,IO_L57P_1,OUTPUT,LVCMOS18,1,12,SLOW,,,,LOCATED,NO,NONE,
R21,,IOBS,IO_L55N_1,UNUSED,,1,,,,,,,,,
R22,sram_ben<3>,IOB,IO_L55P_1,OUTPUT,LVCMOS18,1,12,SLOW,,,,LOCATED,NO,NONE,
R23,sram_cen,IOB,IO_L39P_M1A3_1,OUTPUT,LVCMOS18,1,12,SLOW,,,,LOCATED,NO,NONE,
R24,sram_dq<24>,IOB,IO_L39N_M1ODT_1,BIDIR,LVCMOS18,1,12,SLOW,,NONE,,LOCATED,NO,NONE,
R25,,IOBM,IO_L35P_A11_M1A7_1,UNUSED,,1,,,,,,,,,
R26,sram_a<6>,IOB,IO_L35N_A10_M1A2_1,OUTPUT,LVCMOS18,1,12,SLOW,,,,LOCATED,NO,NONE,
T1,flash_a<18>,IOB,IO_L41N_GCLK26_M3DQ5_3,OUTPUT,LVCMOS18,3,12,SLOW,,,,LOCATED,NO,NONE,
T2,,,VCCO_3,,,3,,,,,1.80,,,,
T3,flash_a<6>,IOB,IO_L41P_GCLK27_M3DQ4_3,OUTPUT,LVCMOS18,3,12,SLOW,,,,LOCATED,NO,NONE,
T4,flash_a<22>,IOB,IO_L30N_3,OUTPUT,LVCMOS18,3,12,SLOW,,,,LOCATED,NO,NONE,
T5,,,GND,,,,,,,,,,,,
T6,flash_a<19>,IOB,IO_L29N_3,OUTPUT,LVCMOS18,3,12,SLOW,,,,LOCATED,NO,NONE,
T7,,,VCCO_3,,,3,,,,,1.80,,,,
T8,,IOBM,IO_L29P_3,UNUSED,,3,,,,,,,,,
T9,,IOBS,IO_L27N_3,UNUSED,,3,,,,,,,,,
T10,,IOBM,IO_L25P_3,UNUSED,,3,,,,,,,,,
T11,,,VCCINT,,,,,,,,1.2,,,,
T12,,,GND,,,,,,,,,,,,
T13,,,VCCINT,,,,,,,,1.2,,,,
T14,,,GND,,,,,,,,,,,,
T15,,,VCCINT,,,,,,,,1.2,,,,
T16,,,GND,,,,,,,,,,,,
T17,,,VCCINT,,,,,,,,1.2,,,,
T18,,IOBM,IO_L60P_1,UNUSED,,1,,,,,,,,,
T19,,IOBS,IO_L60N_1,UNUSED,,1,,,,,,,,,
T20,sram_a<10>,IOB,IO_L64P_1,OUTPUT,LVCMOS18,1,12,SLOW,,,,LOCATED,NO,NONE,
T21,,,GND,,,,,,,,,,,,
T22,,IOBM,IO_L59P_1,UNUSED,,1,,,,,,,,,
T23,sram_dq<25>,IOB,IO_L53P_1,BIDIR,LVCMOS18,1,12,SLOW,,NONE,,LOCATED,NO,NONE,
T24,sram_dq<30>,IOB,IO_L46P_FCS_B_M1DQ2_1,BIDIR,LVCMOS18,1,12,SLOW,,NONE,,LOCATED,NO,NONE,
T25,,,VCCO_1,,,1,,,,,1.80,,,,
T26,sram_a<18>,IOB,IO_L46N_FOE_B_M1DQ3_1,OUTPUT,LVCMOS18,1,12,SLOW,,,,LOCATED,NO,NONE,
U1,flash_a<5>,IOB,IO_L40N_M3DQ7_3,OUTPUT,LVCMOS18,3,12,SLOW,,,,LOCATED,NO,NONE,
U2,flash_a<14>,IOB,IO_L40P_M3DQ6_3,OUTPUT,LVCMOS18,3,12,SLOW,,,,LOCATED,NO,NONE,
U3,flash_a<21>,IOB,IO_L28N_3,OUTPUT,LVCMOS18,3,12,SLOW,,,,LOCATED,NO,NONE,
U4,,IOBM,IO_L28P_3,UNUSED,,3,,,,,,,,,
U5,flash_a<20>,IOB,IO_L24P_3,OUTPUT,LVCMOS18,3,12,SLOW,,,,LOCATED,NO,NONE,
U6,,,VCCAUX,,,,,,,,2.5,,,,
U7,,IOBS,IO_L23N_3,UNUSED,,3,,,,,,,,,
U8,flash_dq<0>,IOB,IO_L23P_3,BIDIR,LVCMOS18,3,12,SLOW,,NONE,,LOCATED,NO,NONE,
U9,flash_dq<8>,IOB,IO_L25N_3,BIDIR,LVCMOS18,3,12,SLOW,,NONE,,LOCATED,NO,NONE,
U10,,,VCCINT,,,,,,,,1.2,,,,
U11,,,GND,,,,,,,,,,,,
U12,,IOBS,IO_L50N_2,UNUSED,,2,,,,,,,,,
U13,,IOBM,IO_L50P_2,UNUSED,,2,,,,,,,,,
U14,,,VCCAUX,,,,,,,,2.5,,,,
U15,,IOBM,IO_L42P_2,UNUSED,,2,,,,,,,,,
U16,,,VCCINT,,,,,,,,1.2,,,,
U17,,IOBM,IO_L62P_1,UNUSED,,1,,,,,,,,,
U18,,,VCCO_1,,,1,,,,,1.80,,,,
U19,,IOBM,IO_L70P_1,UNUSED,,1,,,,,,,,,
U20,,IOBS,IO_L64N_1,UNUSED,,1,,,,,,,,,
U21,sram_dq<31>,IOB,IO_L61P_1,BIDIR,LVCMOS18,1,12,SLOW,,NONE,,LOCATED,NO,NONE,
U22,sram_a<14>,IOB,IO_L61N_1,OUTPUT,LVCMOS18,1,12,SLOW,,,,LOCATED,NO,NONE,
U23,sram_dq<29>,IOB,IO_L59N_1,BIDIR,LVCMOS18,1,12,SLOW,,NONE,,LOCATED,NO,NONE,
U24,,IOBS,IO_L53N_VREF_1,UNUSED,,1,,,,,,,,,
U25,,IOBM,IO_L43P_GCLK5_M1DQ4_1,UNUSED,,1,,,,,,,,,
U26,sram_clk,IOB,IO_L43N_GCLK4_M1DQ5_1,OUTPUT,LVCMOS18,1,12,SLOW,,,,LOCATED,NO,NONE,
V1,,IOBS,IO_L39N_M3LDQSN_3,UNUSED,,3,,,,,,,,,
V2,,,GND,,,,,,,,,,,,
V3,flash_a<10>,IOB,IO_L39P_M3LDQS_3,OUTPUT,LVCMOS18,3,12,SLOW,,,,LOCATED,NO,NONE,
V4,flash_a<23>,IOB,IO_L42P_GCLK25_TRDY2_M3UDM_3,OUTPUT,LVCMOS18,3,12,SLOW,,,,LOCATED,NO,NONE,
V5,flash_cen,IOB,IO_L24N_3,OUTPUT,LVCMOS18,3,12,SLOW,,,,LOCATED,NO,NONE,
V6,,IOBS,IO_L17N_VREF_3,UNUSED,,3,,,,,,,,,
V7,flash_dq<14>,IOB,IO_L17P_3,BIDIR,LVCMOS18,3,12,SLOW,,NONE,,LOCATED,NO,NONE,
V8,flash_dq<5>,IOB,IO_L19N_3,BIDIR,LVCMOS18,3,12,SLOW,,NONE,,LOCATED,NO,NONE,
V9,,,VCCAUX,,,,,,,,2.5,,,,
V10,flash_dq<9>,IOB,IO_L21N_3,BIDIR,LVCMOS18,3,12,SLOW,,NONE,,LOCATED,NO,NONE,
V11,,IOBM,IO_L52P_2,UNUSED,,2,,,,,,,,,
V12,,IOBM,IO_L46P_2,UNUSED,,2,,,,,,,,,
V13,,IOBM,IO_L44P_2,UNUSED,,2,,,,,,,,,
V14,,IOBS,IO_L42N_2,UNUSED,,2,,,,,,,,,
V15,,IOBM,IO_L18P_2,UNUSED,,2,,,,,,,,,
V16,,IOBM,IO_L8P_2,UNUSED,,2,,,,,,,,,
V17,,IOBS,IO_L62N_1,UNUSED,,1,,,,,,,,,
V18,,IOBM,IO_L66P_1,UNUSED,,1,,,,,,,,,
V19,,IOBS,IO_L66N_1,UNUSED,,1,,,,,,,,,
V20,sram_dq<28>,IOB,IO_L70N_1,BIDIR,LVCMOS18,1,12,SLOW,,NONE,,LOCATED,NO,NONE,
V21,,,VCCO_1,,,1,,,,,1.80,,,,
V22,sram_a<16>,IOB,IO_L71P_1,OUTPUT,LVCMOS18,1,12,SLOW,,,,LOCATED,NO,NONE,
V23,sram_dq<27>,IOB,IO_L42P_GCLK7_M1UDM_1,BIDIR,LVCMOS18,1,12,SLOW,,NONE,,LOCATED,NO,NONE,
V24,sram_a<19>,IOB,IO_L45P_A1_M1LDQS_1,OUTPUT,LVCMOS18,1,12,SLOW,,,,LOCATED,NO,NONE,
V25,,,GND,,,,,,,,,,,,
V26,sram_a<13>,IOB,IO_L45N_A0_M1LDQSN_1,OUTPUT,LVCMOS18,1,12,SLOW,,,,LOCATED,NO,NONE,
W1,flash_a<1>,IOB,IO_L38N_M3DQ3_3,OUTPUT,LVCMOS18,3,12,SLOW,,,,LOCATED,NO,NONE,
W2,flash_a<0>,IOB,IO_L38P_M3DQ2_3,OUTPUT,LVCMOS18,3,12,SLOW,,,,LOCATED,NO,NONE,
W3,,IOBS,IO_L42N_GCLK24_M3LDM_3,UNUSED,,3,,,,,,,,,
W4,,,VCCO_3,,,3,,,,,1.80,,,,
W5,,IOBM,IO_L22P_3,UNUSED,,3,,,,,,,,,
W6,,,VCCO_3,,,3,,,,,1.80,,,,
W7,flash_dq<13>,IOB,IO_L15N_3,BIDIR,LVCMOS18,3,12,SLOW,,NONE,,LOCATED,NO,NONE,
W8,flash_dq<2>,IOB,IO_L15P_3,BIDIR,LVCMOS18,3,12,SLOW,,NONE,,LOCATED,NO,NONE,
W9,flash_dq<11>,IOB,IO_L19P_3,BIDIR,LVCMOS18,3,12,SLOW,,NONE,,LOCATED,NO,NONE,
W10,flash_dq<10>,IOB,IO_L21P_3,BIDIR,LVCMOS18,3,12,SLOW,,NONE,,LOCATED,NO,NONE,
W11,,IOBS,IO_L52N_2,UNUSED,,2,,,,,,,,,
W12,,IOBS,IO_L46N_2,UNUSED,,2,,,,,,,,,
W13,,IOBM,IO_L33P_2,UNUSED,,2,,,,,,,,,
W14,,IOBS,IO_L44N_2,UNUSED,,2,,,,,,,,,
W15,,,GND,,,,,,,,,,,,
W16,,IOBS,IO_L18N_2,UNUSED,,2,,,,,,,,,
W17,,IOBS,IO_L8N_2,UNUSED,,2,,,,,,,,,
W18,,IOBM,IO_L68P_1,UNUSED,,1,,,,,,,,,
W19,sram_ben<5>,IOB,IO_L68N_1,OUTPUT,LVCMOS18,1,12,SLOW,,,,LOCATED,NO,NONE,
W20,,,GND,,,,,,,,,,,,
W21,,,VBATT,,,,,,,,,,,,
W22,sram_dq<26>,IOB,IO_L71N_1,BIDIR,LVCMOS18,1,12,SLOW,,NONE,,LOCATED,NO,NONE,
W23,,,VCCO_1,,,1,,,,,1.80,,,,
W24,sram_ben<4>,IOB,IO_L42N_GCLK6_TRDY1_M1LDM_1,OUTPUT,LVCMOS18,1,12,SLOW,,,,LOCATED,NO,NONE,
W25,sram_dq<20>,IOB,IO_L44P_A3_M1DQ6_1,BIDIR,LVCMOS18,1,12,SLOW,,NONE,,LOCATED,NO,NONE,
W26,sram_a<17>,IOB,IO_L44N_A2_M1DQ7_1,OUTPUT,LVCMOS18,1,12,SLOW,,,,LOCATED,NO,NONE,
Y1,flash_a<11>,IOB,IO_L37N_M3DQ1_3,OUTPUT,LVCMOS18,3,12,SLOW,,,,LOCATED,NO,NONE,
Y2,,,VCCO_3,,,3,,,,,1.80,,,,
Y3,flash_a<24>,IOB,IO_L37P_M3DQ0_3,OUTPUT,LVCMOS18,3,12,SLOW,,,,LOCATED,NO,NONE,
Y4,,,GND,,,,,,,,,,,,
Y5,,IOBS,IO_L22N_3,UNUSED,,3,,,,,,,,,
Y6,flash_dq<15>,IOB,IO_L7N_3,BIDIR,LVCMOS18,3,12,SLOW,,NONE,,LOCATED,NO,NONE,
Y7,,,GND,,,,,,,,,,,,
Y8,flash_dq<12>,IOB,IO_L9N_3,BIDIR,LVCMOS18,3,12,SLOW,,NONE,,LOCATED,NO,NONE,
Y9,flash_dq<1>,IOB,IO_L9P_3,BIDIR,LVCMOS18,3,12,SLOW,,NONE,,LOCATED,NO,NONE,
Y10,,IOBM,IO_L51P_2,UNUSED,,2,,,,,,,,,
Y11,,,GND,,,,,,,,,,,,
Y12,,,VCCO_2,,,2,,,,,3.30,,,,
Y13,,IOBS,IO_L33N_2,UNUSED,,2,,,,,,,,,
Y14,,IOBM,IO_L28P_2,UNUSED,,2,,,,,,,,,
Y15,,IOBM,IO_L20P_2,UNUSED,,2,,,,,,,,,
Y16,,IOBM,IO_L10P_2,UNUSED,,2,,,,,,,,,
Y17,,,VCCO_2,,,2,,,,,3.30,,,,
Y18,,IOBM,IO_L6P_2,UNUSED,,2,,,,,,,,,
Y19,,,VCCAUX,,,,,,,,2.5,,,,
Y20,,IOBM,IO_L72P_1,UNUSED,,1,,,,,,,,,
Y21,sram_dq<21>,IOB,IO_L72N_1,BIDIR,LVCMOS18,1,12,SLOW,,NONE,,LOCATED,NO,NONE,
Y22,sram_dq<23>,IOB,IO_L73P_1,BIDIR,LVCMOS18,1,12,SLOW,,NONE,,LOCATED,NO,NONE,
Y23,,,GND,,,,,,,,,,,,
Y24,,IOBM,IO_L47P_FWE_B_M1DQ0_1,UNUSED,,1,,,,,,,,,
Y25,,,VCCO_1,,,1,,,,,1.80,,,,
Y26,sram_dq<22>,IOB,IO_L47N_LDC_M1DQ1_1,BIDIR,LVCMOS18,1,12,SLOW,,NONE,,LOCATED,NO,NONE,

# -----,-----,-----,-----,-----,-----,-----,-----,-----,-----,-----,-----,-----,-----,-----,
# 
#* Default value.
#** This default Pullup/Pulldown value can be overridden in Bitgen. 
#****** Special VCCO requirements may apply. Please consult the device 
#       family datasheet for specific guideline on VCCO requirements. 
#
#
#